dataset,noise_type,seed,pair,spearman_corr,spearman_p
Cora,feature_similar_cross_class,0,feature_vs_raw_grad,0.03290696875985435,0.0001155187404244176
Cora,feature_similar_cross_class,0,feature_vs_pos_grad,0.04582207045508681,7.874887503364086e-08
Cora,feature_similar_cross_class,0,feature_vs_neg_grad,0.010094022704827685,0.2370685525994637
Cora,feature_similar_cross_class,0,feature_vs_hybrid,0.933941990214328,0.0
Cora,feature_similar_cross_class,1,feature_vs_raw_grad,0.031303351713946104,0.0002449635067029659
Cora,feature_similar_cross_class,1,feature_vs_pos_grad,0.044253062513762945,2.149585264670314e-07
Cora,feature_similar_cross_class,1,feature_vs_neg_grad,0.0075602008503548295,0.37586490799499556
Cora,feature_similar_cross_class,1,feature_vs_hybrid,0.935495307903966,0.0
Cora,feature_similar_cross_class,2,feature_vs_raw_grad,0.04251478301565647,6.29237835051089e-07
Cora,feature_similar_cross_class,2,feature_vs_pos_grad,0.054060090395031894,2.3472824671308657e-10
Cora,feature_similar_cross_class,2,feature_vs_neg_grad,0.00448272605264323,0.5995376249538291
Cora,feature_similar_cross_class,2,feature_vs_hybrid,0.9343199611504504,0.0
Cora,feature_similar_cross_class,3,feature_vs_raw_grad,0.05342756320739935,3.7895674471243095e-10
Cora,feature_similar_cross_class,3,feature_vs_pos_grad,0.06491525513694277,2.7078613316166136e-14
Cora,feature_similar_cross_class,3,feature_vs_neg_grad,-0.005288549033944601,0.5356176430111659
Cora,feature_similar_cross_class,3,feature_vs_hybrid,0.9344691643350281,0.0
Cora,feature_similar_cross_class,4,feature_vs_raw_grad,0.02835029035709161,0.0008958482827895338
Cora,feature_similar_cross_class,4,feature_vs_pos_grad,0.034135475560324126,6.348639167468698e-05
Cora,feature_similar_cross_class,4,feature_vs_neg_grad,-0.003228086163391942,0.7053506723872917
Cora,feature_similar_cross_class,4,feature_vs_hybrid,0.933853857697379,0.0
Cora,feature_similar_cross_class,5,feature_vs_raw_grad,0.06782499476242419,1.8128656440140586e-15
Cora,feature_similar_cross_class,5,feature_vs_pos_grad,0.089452813414421,8.759309869095228e-26
Cora,feature_similar_cross_class,5,feature_vs_neg_grad,0.009240483919612887,0.2790910506801735
Cora,feature_similar_cross_class,5,feature_vs_hybrid,0.9345648041034497,0.0
Cora,feature_similar_cross_class,6,feature_vs_raw_grad,0.057504088260615184,1.5724883124007243e-11
Cora,feature_similar_cross_class,6,feature_vs_pos_grad,0.0742719819250158,2.9979877008736906e-18
Cora,feature_similar_cross_class,6,feature_vs_neg_grad,0.0025450784369590736,0.7656221053253748
Cora,feature_similar_cross_class,6,feature_vs_hybrid,0.9353666900074089,0.0
Cora,feature_similar_cross_class,7,feature_vs_raw_grad,0.04998674495040018,4.667200448739805e-09
Cora,feature_similar_cross_class,7,feature_vs_pos_grad,0.06382191928546224,7.258527273282879e-14
Cora,feature_similar_cross_class,7,feature_vs_neg_grad,0.005566042606107496,0.5144288351446796
Cora,feature_similar_cross_class,7,feature_vs_hybrid,0.9351323108722919,0.0
Cora,feature_similar_cross_class,8,feature_vs_raw_grad,0.06047923572917773,1.3368637772731254e-12
Cora,feature_similar_cross_class,8,feature_vs_pos_grad,0.07774124260976174,7.536297842274858e-20
Cora,feature_similar_cross_class,8,feature_vs_neg_grad,0.007676597395192895,0.36855936465939876
Cora,feature_similar_cross_class,8,feature_vs_hybrid,0.9343159416111826,0.0
Cora,feature_similar_cross_class,9,feature_vs_raw_grad,0.06370500323271225,8.057874301154234e-14
Cora,feature_similar_cross_class,9,feature_vs_pos_grad,0.07219971470639856,2.5001929318372677e-17
Cora,feature_similar_cross_class,9,feature_vs_neg_grad,-0.01356100655727473,0.11217843062310036
Cora,feature_similar_cross_class,9,feature_vs_hybrid,0.9346470570922583,0.0
Cora,cross_class_oracle,0,feature_vs_raw_grad,0.0450988958883966,1.2561221967202954e-07
Cora,cross_class_oracle,0,feature_vs_pos_grad,0.054746864776748096,1.386870963427495e-10
Cora,cross_class_oracle,0,feature_vs_neg_grad,-0.008517326027666569,0.3184467848059377
Cora,cross_class_oracle,0,feature_vs_hybrid,0.9318458244738985,0.0
Cora,cross_class_oracle,1,feature_vs_raw_grad,0.021882788158639362,0.01036394788194155
Cora,cross_class_oracle,1,feature_vs_pos_grad,0.029069545156544998,0.000660083584443094
Cora,cross_class_oracle,1,feature_vs_neg_grad,0.004368213262107257,0.6088942795060646
Cora,cross_class_oracle,1,feature_vs_hybrid,0.9324015527332861,0.0
Cora,cross_class_oracle,2,feature_vs_raw_grad,0.032340982519247934,0.00015119459783917923
Cora,cross_class_oracle,2,feature_vs_pos_grad,0.04558554790703906,9.181282179808282e-08
Cora,cross_class_oracle,2,feature_vs_neg_grad,0.01514184180013959,0.07611780426002594
Cora,cross_class_oracle,2,feature_vs_hybrid,0.9302458967375391,0.0
Cora,cross_class_oracle,3,feature_vs_raw_grad,0.026524490570109197,0.0018876165339498049
Cora,cross_class_oracle,3,feature_vs_pos_grad,0.045181374347951414,1.1914000682341443e-07
Cora,cross_class_oracle,3,feature_vs_neg_grad,0.025192602511739753,0.0031645510140091535
Cora,cross_class_oracle,3,feature_vs_hybrid,0.9304995113471034,0.0
Cora,cross_class_oracle,4,feature_vs_raw_grad,0.026614431788618144,0.0018213976835651457
Cora,cross_class_oracle,4,feature_vs_pos_grad,0.028794572031657552,0.0007424185650855496
Cora,cross_class_oracle,4,feature_vs_neg_grad,-0.0110643129773869,0.19497354685129792
Cora,cross_class_oracle,4,feature_vs_hybrid,0.931779643469646,0.0
Cora,cross_class_oracle,5,feature_vs_raw_grad,0.054129085211724756,2.2270613532956718e-10
Cora,cross_class_oracle,5,feature_vs_pos_grad,0.06269096035004516,1.978522980194903e-13
Cora,cross_class_oracle,5,feature_vs_neg_grad,-0.00961124322913319,0.26025293246646364
Cora,cross_class_oracle,5,feature_vs_hybrid,0.929986928429034,0.0
Cora,cross_class_oracle,6,feature_vs_raw_grad,0.05521148476254196,9.679573996445347e-11
Cora,cross_class_oracle,6,feature_vs_pos_grad,0.062127550336407045,3.2393648529054063e-13
Cora,cross_class_oracle,6,feature_vs_neg_grad,-0.009184248746501719,0.28202735160257186
Cora,cross_class_oracle,6,feature_vs_hybrid,0.9322570570925279,0.0
Cora,cross_class_oracle,7,feature_vs_raw_grad,0.0504416738433626,3.379575276678648e-09
Cora,cross_class_oracle,7,feature_vs_pos_grad,0.06558821487201898,1.4639320979320034e-14
Cora,cross_class_oracle,7,feature_vs_neg_grad,0.004885815596177351,0.5671320854385553
Cora,cross_class_oracle,7,feature_vs_hybrid,0.9323221868655126,0.0
Cora,cross_class_oracle,8,feature_vs_raw_grad,0.04757595369595596,2.46477690410392e-08
Cora,cross_class_oracle,8,feature_vs_pos_grad,0.056421202958708595,3.743266233923714e-11
Cora,cross_class_oracle,8,feature_vs_neg_grad,-0.00541707580719936,0.5257492147537732
Cora,cross_class_oracle,8,feature_vs_hybrid,0.9312796381007337,0.0
Cora,cross_class_oracle,9,feature_vs_raw_grad,0.05932751944171899,3.5212516847615244e-12
Cora,cross_class_oracle,9,feature_vs_pos_grad,0.07506783318703748,1.3068854954743904e-18
Cora,cross_class_oracle,9,feature_vs_neg_grad,0.005737195013415839,0.5015806867571161
Cora,cross_class_oracle,9,feature_vs_hybrid,0.9323052606133582,0.0
Cora,low_feature_similarity,0,feature_vs_raw_grad,0.024738011205601842,0.003755345774991535
Cora,low_feature_similarity,0,feature_vs_pos_grad,0.028631752681921425,0.0007955669534779065
Cora,low_feature_similarity,0,feature_vs_neg_grad,-0.002220584643234148,0.7947881820696258
Cora,low_feature_similarity,0,feature_vs_hybrid,0.9240583894513604,0.0
Cora,low_feature_similarity,1,feature_vs_raw_grad,0.005319134307103154,0.5332608378480247
Cora,low_feature_similarity,1,feature_vs_pos_grad,0.007843490449793033,0.358239806841849
Cora,low_feature_similarity,1,feature_vs_neg_grad,0.0030745981065753263,0.7187504009484973
Cora,low_feature_similarity,1,feature_vs_hybrid,0.9214445522974294,0.0
Cora,low_feature_similarity,2,feature_vs_raw_grad,0.028199187584334564,0.0009543988457478529
Cora,low_feature_similarity,2,feature_vs_pos_grad,0.03179247941857237,0.0001954676639916111
Cora,low_feature_similarity,2,feature_vs_neg_grad,-0.005571559593960497,0.5140120312190887
Cora,low_feature_similarity,2,feature_vs_hybrid,0.926903114710486,0.0
Cora,low_feature_similarity,3,feature_vs_raw_grad,0.023522383211054095,0.005859098490340745
Cora,low_feature_similarity,3,feature_vs_pos_grad,0.02326253753921821,0.0064278895207906415
Cora,low_feature_similarity,3,feature_vs_neg_grad,-0.01296377189600833,0.12888489854263957
Cora,low_feature_similarity,3,feature_vs_hybrid,0.9226721549434288,0.0
Cora,low_feature_similarity,4,feature_vs_raw_grad,0.002613312742544593,0.7595296132970998
Cora,low_feature_similarity,4,feature_vs_pos_grad,-0.0007167069818527808,0.9330977020793498
Cora,low_feature_similarity,4,feature_vs_neg_grad,-0.00911800782188589,0.2855128834002349
Cora,low_feature_similarity,4,feature_vs_hybrid,0.9226805738292679,0.0
Cora,low_feature_similarity,5,feature_vs_raw_grad,0.041841033515606314,9.438469430439529e-07
Cora,low_feature_similarity,5,feature_vs_pos_grad,0.048119029204512075,1.7058274488232746e-08
Cora,low_feature_similarity,5,feature_vs_neg_grad,-0.00667204273850731,0.4345044430136353
Cora,low_feature_similarity,5,feature_vs_hybrid,0.9257607498329529,0.0
Cora,low_feature_similarity,6,feature_vs_raw_grad,0.033097648370031645,0.0001054058291756582
Cora,low_feature_similarity,6,feature_vs_pos_grad,0.036064963551165126,2.3822720277923148e-05
Cora,low_feature_similarity,6,feature_vs_neg_grad,-0.01067957259969026,0.21095750517843023
Cora,low_feature_similarity,6,feature_vs_hybrid,0.924786476308856,0.0
Cora,low_feature_similarity,7,feature_vs_raw_grad,0.027197754261932078,0.0014412020341889433
Cora,low_feature_similarity,7,feature_vs_pos_grad,0.029614715390506866,0.0005213494297895846
Cora,low_feature_similarity,7,feature_vs_neg_grad,-0.005934030139279566,0.4870172825613969
Cora,low_feature_similarity,7,feature_vs_hybrid,0.925193206329461,0.0
Cora,low_feature_similarity,8,feature_vs_raw_grad,0.020452356635206535,0.016582299024372128
Cora,low_feature_similarity,8,feature_vs_pos_grad,0.02140688751087116,0.012152603803297485
Cora,low_feature_similarity,8,feature_vs_neg_grad,-0.008402005639041891,0.3250434603153559
Cora,low_feature_similarity,8,feature_vs_hybrid,0.9246708072300632,0.0
Cora,low_feature_similarity,9,feature_vs_raw_grad,0.03776046629823363,9.66787021566905e-06
Cora,low_feature_similarity,9,feature_vs_pos_grad,0.043087320377790395,4.437239878712755e-07
Cora,low_feature_similarity,9,feature_vs_neg_grad,-0.00469849777424026,0.5820866410864066
Cora,low_feature_similarity,9,feature_vs_hybrid,0.9234218978667409,0.0
CiteSeer,feature_similar_cross_class,0,feature_vs_raw_grad,0.07001603943376968,2.4367110540065492e-14
CiteSeer,feature_similar_cross_class,0,feature_vs_pos_grad,0.08131592546932748,8.028281433950637e-19
CiteSeer,feature_similar_cross_class,0,feature_vs_neg_grad,-0.00010276950421492694,0.9910810201352931
CiteSeer,feature_similar_cross_class,0,feature_vs_hybrid,0.9343565225004229,0.0
CiteSeer,feature_similar_cross_class,1,feature_vs_raw_grad,0.010094902921981687,0.2721705132080145
CiteSeer,feature_similar_cross_class,1,feature_vs_pos_grad,0.0378001241758669,3.903957390149288e-05
CiteSeer,feature_similar_cross_class,1,feature_vs_neg_grad,0.03614104597659389,8.408666917971053e-05
CiteSeer,feature_similar_cross_class,1,feature_vs_hybrid,0.9405685016679324,0.0
CiteSeer,feature_similar_cross_class,2,feature_vs_raw_grad,0.050752103144355354,3.313616492646821e-08
CiteSeer,feature_similar_cross_class,2,feature_vs_pos_grad,0.06757343454219346,1.8590995664196897e-13
CiteSeer,feature_similar_cross_class,2,feature_vs_neg_grad,0.01261473175086592,0.17000336079047929
CiteSeer,feature_similar_cross_class,2,feature_vs_hybrid,0.9358301184583684,0.0
CiteSeer,feature_similar_cross_class,3,feature_vs_raw_grad,0.0409157005432935,8.492547436554622e-06
CiteSeer,feature_similar_cross_class,3,feature_vs_pos_grad,0.05046975118468794,3.9464434860881825e-08
CiteSeer,feature_similar_cross_class,3,feature_vs_neg_grad,0.005447492531973754,0.5534871286893945
CiteSeer,feature_similar_cross_class,3,feature_vs_hybrid,0.9370969449777086,0.0
CiteSeer,feature_similar_cross_class,4,feature_vs_raw_grad,0.056162208786794954,9.732253067078703e-10
CiteSeer,feature_similar_cross_class,4,feature_vs_pos_grad,0.07256556407712436,2.7102047233972868e-15
CiteSeer,feature_similar_cross_class,4,feature_vs_neg_grad,0.012319839776094212,0.18020858612573112
CiteSeer,feature_similar_cross_class,4,feature_vs_hybrid,0.9343341334254315,0.0
CiteSeer,feature_similar_cross_class,5,feature_vs_raw_grad,0.06897920945970556,5.822943376324129e-14
CiteSeer,feature_similar_cross_class,5,feature_vs_pos_grad,0.08592728070462886,7.687258536770134e-21
CiteSeer,feature_similar_cross_class,5,feature_vs_neg_grad,0.015260202813980408,0.09691644535736058
CiteSeer,feature_similar_cross_class,5,feature_vs_hybrid,0.9342282671398403,0.0
CiteSeer,feature_similar_cross_class,6,feature_vs_raw_grad,0.04913755791037417,8.890430118843018e-08
CiteSeer,feature_similar_cross_class,6,feature_vs_pos_grad,0.07040517868923156,1.751391180468248e-14
CiteSeer,feature_similar_cross_class,6,feature_vs_neg_grad,0.03443608247083418,0.0001790927798254424
CiteSeer,feature_similar_cross_class,6,feature_vs_hybrid,0.9338499546608804,0.0
CiteSeer,feature_similar_cross_class,7,feature_vs_raw_grad,0.04918563814272407,8.636705146043715e-08
CiteSeer,feature_similar_cross_class,7,feature_vs_pos_grad,0.07839914212353205,1.332566781892866e-17
CiteSeer,feature_similar_cross_class,7,feature_vs_neg_grad,0.03529604427229163,0.00012281271024885322
CiteSeer,feature_similar_cross_class,7,feature_vs_hybrid,0.9363931204701372,0.0
CiteSeer,feature_similar_cross_class,8,feature_vs_raw_grad,0.029039090566685216,0.0015813424513574212
CiteSeer,feature_similar_cross_class,8,feature_vs_pos_grad,0.0455691987269216,7.076189970275003e-07
CiteSeer,feature_similar_cross_class,8,feature_vs_neg_grad,0.020880330908901835,0.02311929328954155
CiteSeer,feature_similar_cross_class,8,feature_vs_hybrid,0.9353692663397423,0.0
CiteSeer,feature_similar_cross_class,9,feature_vs_raw_grad,0.05238710848352673,1.182691164867417e-08
CiteSeer,feature_similar_cross_class,9,feature_vs_pos_grad,0.06599121068387223,6.677790689080224e-13
CiteSeer,feature_similar_cross_class,9,feature_vs_neg_grad,0.006084998804121471,0.5080430866130157
CiteSeer,feature_similar_cross_class,9,feature_vs_hybrid,0.933297583110489,0.0
CiteSeer,cross_class_oracle,0,feature_vs_raw_grad,0.034181321245072886,0.00019994873360408704
CiteSeer,cross_class_oracle,0,feature_vs_pos_grad,0.04569074288017471,6.609421464012345e-07
CiteSeer,cross_class_oracle,0,feature_vs_neg_grad,0.012562554044528586,0.17177680344314375
CiteSeer,cross_class_oracle,0,feature_vs_hybrid,0.9333066941967818,0.0
CiteSeer,cross_class_oracle,1,feature_vs_raw_grad,0.024528736874801855,0.007620022389262762
CiteSeer,cross_class_oracle,1,feature_vs_pos_grad,0.036648103485289206,6.673028308468649e-05
CiteSeer,cross_class_oracle,1,feature_vs_neg_grad,0.011733284586924787,0.20184773754509813
CiteSeer,cross_class_oracle,1,feature_vs_hybrid,0.9357122005127587,0.0
CiteSeer,cross_class_oracle,2,feature_vs_raw_grad,0.04096313804622429,8.290482741005194e-06
CiteSeer,cross_class_oracle,2,feature_vs_pos_grad,0.0478177398107806,1.947905168821158e-07
CiteSeer,cross_class_oracle,2,feature_vs_neg_grad,-0.00047180429584419846,0.9590709860538155
CiteSeer,cross_class_oracle,2,feature_vs_hybrid,0.9319448226254443,0.0
CiteSeer,cross_class_oracle,3,feature_vs_raw_grad,0.027425175231345345,0.0028481238344438735
CiteSeer,cross_class_oracle,3,feature_vs_pos_grad,0.03650152628119905,7.136365565546245e-05
CiteSeer,cross_class_oracle,3,feature_vs_neg_grad,0.006960796263177395,0.4489577448420594
CiteSeer,cross_class_oracle,3,feature_vs_hybrid,0.9335444655927944,0.0
CiteSeer,cross_class_oracle,4,feature_vs_raw_grad,0.010986398217434619,0.23206505484202386
CiteSeer,cross_class_oracle,4,feature_vs_pos_grad,0.01771603592491085,0.053958164611347295
CiteSeer,cross_class_oracle,4,feature_vs_neg_grad,0.009582989746438215,0.29723016398128865
CiteSeer,cross_class_oracle,4,feature_vs_hybrid,0.9328634961695236,0.0
CiteSeer,cross_class_oracle,5,feature_vs_raw_grad,0.026237641253256592,0.004311407623990377
CiteSeer,cross_class_oracle,5,feature_vs_pos_grad,0.036694450694444145,6.532547064244696e-05
CiteSeer,cross_class_oracle,5,feature_vs_neg_grad,0.014144706353422154,0.12389346584833645
CiteSeer,cross_class_oracle,5,feature_vs_hybrid,0.9318202593184464,0.0
CiteSeer,cross_class_oracle,6,feature_vs_raw_grad,0.028381028120828152,0.002017099879713927
CiteSeer,cross_class_oracle,6,feature_vs_pos_grad,0.029807938230368224,0.0011827387553438398
CiteSeer,cross_class_oracle,6,feature_vs_neg_grad,-0.00825301679724815,0.3693358054194599
CiteSeer,cross_class_oracle,6,feature_vs_hybrid,0.9348889998679472,0.0
CiteSeer,cross_class_oracle,7,feature_vs_raw_grad,0.043645952954236275,2.0366686091169467e-06
CiteSeer,cross_class_oracle,7,feature_vs_pos_grad,0.052309212610200335,1.2430652991939511e-08
CiteSeer,cross_class_oracle,7,feature_vs_neg_grad,0.000655507884213385,0.943157905438249
CiteSeer,cross_class_oracle,7,feature_vs_hybrid,0.9318926019341107,0.0
CiteSeer,cross_class_oracle,8,feature_vs_raw_grad,0.0019399303548191015,0.832878173806872
CiteSeer,cross_class_oracle,8,feature_vs_pos_grad,0.007183343945628509,0.4345897391790154
CiteSeer,cross_class_oracle,8,feature_vs_neg_grad,0.009857954526875812,0.28358424211584315
CiteSeer,cross_class_oracle,8,feature_vs_hybrid,0.9339553312316627,0.0
CiteSeer,cross_class_oracle,9,feature_vs_raw_grad,0.02308329834944354,0.012033267901955816
CiteSeer,cross_class_oracle,9,feature_vs_pos_grad,0.04596420053714569,5.665213832112534e-07
CiteSeer,cross_class_oracle,9,feature_vs_neg_grad,0.025804538088961312,0.004995920791761226
CiteSeer,cross_class_oracle,9,feature_vs_hybrid,0.934653941989163,0.0
CiteSeer,low_feature_similarity,0,feature_vs_raw_grad,0.01878484327649346,0.04100708249460732
CiteSeer,low_feature_similarity,0,feature_vs_pos_grad,0.020147181780058202,0.02840220392971068
CiteSeer,low_feature_similarity,0,feature_vs_neg_grad,-0.0030275077849047007,0.7419206705820995
CiteSeer,low_feature_similarity,0,feature_vs_hybrid,0.9237769470165659,0.0
CiteSeer,low_feature_similarity,1,feature_vs_raw_grad,0.020312712911850505,0.02712622819660307
CiteSeer,low_feature_similarity,1,feature_vs_pos_grad,0.029718281184549184,0.0012238966884093015
CiteSeer,low_feature_similarity,1,feature_vs_neg_grad,0.0070759396819072545,0.44149051374160964
CiteSeer,low_feature_similarity,1,feature_vs_hybrid,0.9296359838935809,0.0
CiteSeer,low_feature_similarity,2,feature_vs_raw_grad,0.0287301310065849,0.0017738297845418432
CiteSeer,low_feature_similarity,2,feature_vs_pos_grad,0.02699010306315747,0.0033213020246439856
CiteSeer,low_feature_similarity,2,feature_vs_neg_grad,-0.013359395772744786,0.14616757260062782
CiteSeer,low_feature_similarity,2,feature_vs_hybrid,0.9217568323525601,0.0
CiteSeer,low_feature_similarity,3,feature_vs_raw_grad,0.022511889993858284,0.01432576813995524
CiteSeer,low_feature_similarity,3,feature_vs_pos_grad,0.021938221591156982,0.017006518972290937
CiteSeer,low_feature_similarity,3,feature_vs_neg_grad,-0.007629867843959982,0.4065764418601835
CiteSeer,low_feature_similarity,3,feature_vs_hybrid,0.9237031136694781,0.0
CiteSeer,low_feature_similarity,4,feature_vs_raw_grad,0.012379231507699045,0.1781174686199596
CiteSeer,low_feature_similarity,4,feature_vs_pos_grad,0.02082983246353653,0.0234536538701375
CiteSeer,low_feature_similarity,4,feature_vs_neg_grad,0.014411428911215728,0.1169625052794952
CiteSeer,low_feature_similarity,4,feature_vs_hybrid,0.9229535730179832,0.0
CiteSeer,low_feature_similarity,5,feature_vs_raw_grad,0.03333622617393432,0.00028664525737482477
CiteSeer,low_feature_similarity,5,feature_vs_pos_grad,0.03677061481540639,6.307749923538859e-05
CiteSeer,low_feature_similarity,5,feature_vs_neg_grad,-0.005467093276016737,0.55206078013347
CiteSeer,low_feature_similarity,5,feature_vs_hybrid,0.9222453800460587,0.0
CiteSeer,low_feature_similarity,6,feature_vs_raw_grad,0.02085567328235934,0.023282035867528632
CiteSeer,low_feature_similarity,6,feature_vs_pos_grad,0.035089664780215774,0.00013455252547929015
CiteSeer,low_feature_similarity,6,feature_vs_neg_grad,0.023841498374499736,0.009495681967416153
CiteSeer,low_feature_similarity,6,feature_vs_hybrid,0.9225259931168674,0.0
CiteSeer,low_feature_similarity,7,feature_vs_raw_grad,0.01537473060851575,0.09443566214528243
CiteSeer,low_feature_similarity,7,feature_vs_pos_grad,0.028287732832705186,0.00208710625544587
CiteSeer,low_feature_similarity,7,feature_vs_neg_grad,0.01666361506953679,0.06988239030302051
CiteSeer,low_feature_similarity,7,feature_vs_hybrid,0.9240166014700615,0.0
CiteSeer,low_feature_similarity,8,feature_vs_raw_grad,0.018748343245237175,0.04140143409238842
CiteSeer,low_feature_similarity,8,feature_vs_pos_grad,0.014817318074335065,0.10700369371471508
CiteSeer,low_feature_similarity,8,feature_vs_neg_grad,-0.014971307554829892,0.10340603032279119
CiteSeer,low_feature_similarity,8,feature_vs_hybrid,0.9222359673551923,0.0
CiteSeer,low_feature_similarity,9,feature_vs_raw_grad,0.014753989210862083,0.10851172605458563
CiteSeer,low_feature_similarity,9,feature_vs_pos_grad,0.03485212155854104,0.00014937194943927888
CiteSeer,low_feature_similarity,9,feature_vs_neg_grad,0.027377055050672294,0.002897250635416787
CiteSeer,low_feature_similarity,9,feature_vs_hybrid,0.9249658601110539,0.0
PubMed,feature_similar_cross_class,0,feature_vs_raw_grad,-0.04532698815770615,1.7671682733580892e-53
PubMed,feature_similar_cross_class,0,feature_vs_pos_grad,-0.0929424696231422,1.9866829747186e-219
PubMed,feature_similar_cross_class,0,feature_vs_neg_grad,-0.061212324819995216,4.399199257335928e-96
PubMed,feature_similar_cross_class,0,feature_vs_hybrid,0.9404443196970563,0.0
PubMed,feature_similar_cross_class,1,feature_vs_raw_grad,-0.005518840975859292,0.0610004604904371
PubMed,feature_similar_cross_class,1,feature_vs_pos_grad,-0.010026644973439516,0.0006644928741349948
PubMed,feature_similar_cross_class,1,feature_vs_neg_grad,-0.0047223237904035105,0.10891400287082358
PubMed,feature_similar_cross_class,1,feature_vs_hybrid,0.9403345554794996,0.0
PubMed,feature_similar_cross_class,2,feature_vs_raw_grad,0.0025280385358233334,0.3907857932088311
PubMed,feature_similar_cross_class,2,feature_vs_pos_grad,0.019750111030208597,2.011127171292772e-11
PubMed,feature_similar_cross_class,2,feature_vs_neg_grad,0.02167274066346271,1.8655009453654956e-13
PubMed,feature_similar_cross_class,2,feature_vs_hybrid,0.9423779378540359,0.0
PubMed,feature_similar_cross_class,3,feature_vs_raw_grad,-0.0044135559542554164,0.13406190487598857
PubMed,feature_similar_cross_class,3,feature_vs_pos_grad,-0.03101288422954812,6.252871997250758e-26
PubMed,feature_similar_cross_class,3,feature_vs_neg_grad,-0.04096495384885543,5.341888518901164e-44
PubMed,feature_similar_cross_class,3,feature_vs_hybrid,0.9387224432036725,0.0
PubMed,feature_similar_cross_class,4,feature_vs_raw_grad,0.007167628599168901,0.014965117712591552
PubMed,feature_similar_cross_class,4,feature_vs_pos_grad,0.013262764851584213,6.715832741350099e-06
PubMed,feature_similar_cross_class,4,feature_vs_neg_grad,0.008469759607572505,0.004036743222303502
PubMed,feature_similar_cross_class,4,feature_vs_hybrid,0.9399686618460612,0.0
PubMed,feature_similar_cross_class,5,feature_vs_raw_grad,0.0014962426296573433,0.6115031850688757
PubMed,feature_similar_cross_class,5,feature_vs_pos_grad,0.0032192121524531546,0.2744697756783793
PubMed,feature_similar_cross_class,5,feature_vs_neg_grad,0.002631960808114881,0.3716045639005265
PubMed,feature_similar_cross_class,5,feature_vs_hybrid,0.940160569781654,0.0
PubMed,feature_similar_cross_class,6,feature_vs_raw_grad,-0.041811498905106576,9.169698552926472e-46
PubMed,feature_similar_cross_class,6,feature_vs_pos_grad,-0.06782570045498358,1.4274301345062537e-117
PubMed,feature_similar_cross_class,6,feature_vs_neg_grad,-0.029134617797087252,4.49074735065466e-23
PubMed,feature_similar_cross_class,6,feature_vs_hybrid,0.9393768646603755,0.0
PubMed,feature_similar_cross_class,7,feature_vs_raw_grad,0.0058838429222264595,0.04578151518008673
PubMed,feature_similar_cross_class,7,feature_vs_pos_grad,-0.024045457522230536,3.244359677937742e-16
PubMed,feature_similar_cross_class,7,feature_vs_neg_grad,-0.044037379180826335,1.4105084509792256e-50
PubMed,feature_similar_cross_class,7,feature_vs_hybrid,0.9408270314570429,0.0
PubMed,feature_similar_cross_class,8,feature_vs_raw_grad,0.01912378864988397,8.440363266066841e-11
PubMed,feature_similar_cross_class,8,feature_vs_pos_grad,0.016306109156905606,3.0982201802984005e-08
PubMed,feature_similar_cross_class,8,feature_vs_neg_grad,-0.01111986934472665,0.00016002531138440695
PubMed,feature_similar_cross_class,8,feature_vs_hybrid,0.9387250367533483,0.0
PubMed,feature_similar_cross_class,9,feature_vs_raw_grad,-0.021521905772402965,2.734256464528264e-13
PubMed,feature_similar_cross_class,9,feature_vs_pos_grad,-0.01617496697471569,3.990624270454844e-08
PubMed,feature_similar_cross_class,9,feature_vs_neg_grad,0.015876412551464405,7.049826106986456e-08
PubMed,feature_similar_cross_class,9,feature_vs_hybrid,0.940143064412571,0.0
PubMed,cross_class_oracle,0,feature_vs_raw_grad,-0.027988241225090447,2.03901479141587e-21
PubMed,cross_class_oracle,0,feature_vs_pos_grad,-0.0890867387202921,1.0629948519933837e-201
PubMed,cross_class_oracle,0,feature_vs_neg_grad,-0.07799776803524498,5.968694802168191e-155
PubMed,cross_class_oracle,0,feature_vs_hybrid,0.9395285861335618,0.0
PubMed,cross_class_oracle,1,feature_vs_raw_grad,-0.006753266352996188,0.02187371375428837
PubMed,cross_class_oracle,1,feature_vs_pos_grad,-0.03136967914121297,1.7126724839855313e-26
PubMed,cross_class_oracle,1,feature_vs_neg_grad,-0.036616825333873185,1.6987900805923417e-35
PubMed,cross_class_oracle,1,feature_vs_hybrid,0.937820426118721,0.0
PubMed,cross_class_oracle,2,feature_vs_raw_grad,-0.016213152863504634,3.707817475344442e-08
PubMed,cross_class_oracle,2,feature_vs_pos_grad,-0.02117699159283193,6.491118212904408e-13
PubMed,cross_class_oracle,2,feature_vs_neg_grad,-0.0011089635012806983,0.7065754428610536
PubMed,cross_class_oracle,2,feature_vs_hybrid,0.9399200671699554,0.0
PubMed,cross_class_oracle,3,feature_vs_raw_grad,-0.01489932759372875,4.2334979427794855e-07
PubMed,cross_class_oracle,3,feature_vs_pos_grad,-0.058045453925081134,1.4158348664491192e-86
PubMed,cross_class_oracle,3,feature_vs_neg_grad,-0.05799317017629575,2.0124913103129836e-86
PubMed,cross_class_oracle,3,feature_vs_hybrid,0.9376142170327929,0.0
PubMed,cross_class_oracle,4,feature_vs_raw_grad,-0.010603083278936406,0.00031880032678762945
PubMed,cross_class_oracle,4,feature_vs_pos_grad,-0.011005196605252683,0.000186940168908641
PubMed,cross_class_oracle,4,feature_vs_neg_grad,0.0027559380119692167,0.3495005464001081
PubMed,cross_class_oracle,4,feature_vs_hybrid,0.9383239870034714,0.0
PubMed,cross_class_oracle,5,feature_vs_raw_grad,0.0005543523525008267,0.8507310846667573
PubMed,cross_class_oracle,5,feature_vs_pos_grad,-0.016644423991607715,1.598286153002308e-08
PubMed,cross_class_oracle,5,feature_vs_neg_grad,-0.027277623030959368,2.013110609621694e-20
PubMed,cross_class_oracle,5,feature_vs_hybrid,0.9390536766365858,0.0
PubMed,cross_class_oracle,6,feature_vs_raw_grad,-0.026469122022066634,2.5399567923156197e-19
PubMed,cross_class_oracle,6,feature_vs_pos_grad,-0.0696060798405745,9.803643293764787e-124
PubMed,cross_class_oracle,6,feature_vs_neg_grad,-0.050358005919804105,1.3421333725197408e-65
PubMed,cross_class_oracle,6,feature_vs_hybrid,0.9389181271366968,0.0
PubMed,cross_class_oracle,7,feature_vs_raw_grad,-0.011923932978020583,5.1667136250537354e-05
PubMed,cross_class_oracle,7,feature_vs_pos_grad,-0.04241603266818129,4.78335025122647e-47
PubMed,cross_class_oracle,7,feature_vs_neg_grad,-0.0460364893622064,4.1216764161622156e-55
PubMed,cross_class_oracle,7,feature_vs_hybrid,0.93820758541841,0.0
PubMed,cross_class_oracle,8,feature_vs_raw_grad,0.0017364780943334042,0.5555381921005896
PubMed,cross_class_oracle,8,feature_vs_pos_grad,-0.0044904100470932766,0.12741764209699885
PubMed,cross_class_oracle,8,feature_vs_neg_grad,-0.011150257251854062,0.0001535299093622237
PubMed,cross_class_oracle,8,feature_vs_hybrid,0.9375466674734806,0.0
PubMed,cross_class_oracle,9,feature_vs_raw_grad,-0.010748563399605804,0.00026335105238885464
PubMed,cross_class_oracle,9,feature_vs_pos_grad,-0.014399555361799968,1.01626603535462e-06
PubMed,cross_class_oracle,9,feature_vs_neg_grad,-0.002979312923464548,0.3118307953101146
PubMed,cross_class_oracle,9,feature_vs_hybrid,0.9378888812382107,0.0
PubMed,low_feature_similarity,0,feature_vs_raw_grad,-0.03594977503480625,2.8243760812416294e-34
PubMed,low_feature_similarity,0,feature_vs_pos_grad,-0.07256331687009585,2.506675141013521e-134
PubMed,low_feature_similarity,0,feature_vs_neg_grad,-0.045056565300833275,7.290192633350674e-53
PubMed,low_feature_similarity,0,feature_vs_hybrid,0.9378094623201625,0.0
PubMed,low_feature_similarity,1,feature_vs_raw_grad,-0.020703116003316518,2.082748694778075e-12
PubMed,low_feature_similarity,1,feature_vs_pos_grad,-0.0448845945807217,1.787406274767458e-52
PubMed,low_feature_similarity,1,feature_vs_neg_grad,-0.03226146763094586,6.313334693592117e-28
PubMed,low_feature_similarity,1,feature_vs_hybrid,0.9352010116908539,0.0
PubMed,low_feature_similarity,2,feature_vs_raw_grad,0.0025300967966498974,0.390400150593885
PubMed,low_feature_similarity,2,feature_vs_pos_grad,0.003095189656962037,0.2933849964602588
PubMed,low_feature_similarity,2,feature_vs_neg_grad,-9.951011164663438e-05,0.9730520726949593
PubMed,low_feature_similarity,2,feature_vs_hybrid,0.9402132972269195,0.0
PubMed,low_feature_similarity,3,feature_vs_raw_grad,-0.02880864180241015,1.3494694747541347e-22
PubMed,low_feature_similarity,3,feature_vs_pos_grad,-0.057735141396579065,1.136109264215939e-85
PubMed,low_feature_similarity,3,feature_vs_neg_grad,-0.03529483466194753,4.24553043633945e-33
PubMed,low_feature_similarity,3,feature_vs_hybrid,0.9357154068566782,0.0
PubMed,low_feature_similarity,4,feature_vs_raw_grad,-0.010225091430229007,0.0005181441359153564
PubMed,low_feature_similarity,4,feature_vs_pos_grad,-0.025957962552714566,1.2138481254314887e-18
PubMed,low_feature_similarity,4,feature_vs_neg_grad,-0.023512792237037998,1.4284446690532943e-15
PubMed,low_feature_similarity,4,feature_vs_hybrid,0.937145439777462,0.0
PubMed,low_feature_similarity,5,feature_vs_raw_grad,-0.0056755716382467245,0.054017197982563915
PubMed,low_feature_similarity,5,feature_vs_pos_grad,-0.019501460093413168,3.573101799138267e-11
PubMed,low_feature_similarity,5,feature_vs_neg_grad,-0.022402158001172293,2.8314160974582353e-14
PubMed,low_feature_similarity,5,feature_vs_hybrid,0.937528611402095,0.0
PubMed,low_feature_similarity,6,feature_vs_raw_grad,-0.03824534178577772,1.433501554436166e-38
PubMed,low_feature_similarity,6,feature_vs_pos_grad,-0.06854767867048994,4.7274963569209406e-120
PubMed,low_feature_similarity,6,feature_vs_neg_grad,-0.03314598784186239,2.1847326103734177e-29
PubMed,low_feature_similarity,6,feature_vs_hybrid,0.937856025773041,0.0
PubMed,low_feature_similarity,7,feature_vs_raw_grad,-0.02733775745593913,1.662208173616922e-20
PubMed,low_feature_similarity,7,feature_vs_pos_grad,-0.053768551367377626,1.5437844882407373e-74
PubMed,low_feature_similarity,7,feature_vs_neg_grad,-0.030502617975232984,3.884981013252785e-25
PubMed,low_feature_similarity,7,feature_vs_hybrid,0.937483158273554,0.0
PubMed,low_feature_similarity,8,feature_vs_raw_grad,-0.007908690152569694,0.007257309107268074
PubMed,low_feature_similarity,8,feature_vs_pos_grad,-0.021704307508131394,1.7214873187136857e-13
PubMed,low_feature_similarity,8,feature_vs_neg_grad,-0.021808311540841945,1.3200732166644252e-13
PubMed,low_feature_similarity,8,feature_vs_hybrid,0.9355554088489227,0.0
PubMed,low_feature_similarity,9,feature_vs_raw_grad,-0.013796640257993773,2.8165891993793045e-06
PubMed,low_feature_similarity,9,feature_vs_pos_grad,-0.0379432662058718,5.452057060105898e-38
PubMed,low_feature_similarity,9,feature_vs_neg_grad,-0.025642467190459893,3.140510045621242e-18
PubMed,low_feature_similarity,9,feature_vs_hybrid,0.9394313336427104,0.0
