dataset,noise_type,seed,score,auc
Cora,feature_similar_cross_class,0,feature_risk,0.6080494619197867
Cora,feature_similar_cross_class,0,raw_grad,0.5146491072371111
Cora,feature_similar_cross_class,0,pos_grad,0.5081289824602392
Cora,feature_similar_cross_class,0,neg_grad,0.48896528325183
Cora,feature_similar_cross_class,0,hybrid,0.4718846296274575
Cora,feature_similar_cross_class,0,shuffled_hybrid,0.4671491838372706
Cora,feature_similar_cross_class,1,feature_risk,0.6129795199898888
Cora,feature_similar_cross_class,1,raw_grad,0.5155455385553737
Cora,feature_similar_cross_class,1,pos_grad,0.5094954126079554
Cora,feature_similar_cross_class,1,neg_grad,0.4887104381122178
Cora,feature_similar_cross_class,1,hybrid,0.4864213051853281
Cora,feature_similar_cross_class,1,shuffled_hybrid,0.48233007870426997
Cora,feature_similar_cross_class,2,feature_risk,0.6125906245713681
Cora,feature_similar_cross_class,2,raw_grad,0.5066886451274998
Cora,feature_similar_cross_class,2,pos_grad,0.49733817438361405
Cora,feature_similar_cross_class,2,neg_grad,0.48684108004309706
Cora,feature_similar_cross_class,2,hybrid,0.46840494770004437
Cora,feature_similar_cross_class,2,shuffled_hybrid,0.4646213785778558
Cora,feature_similar_cross_class,3,feature_risk,0.611504398405089
Cora,feature_similar_cross_class,3,raw_grad,0.5119410522276643
Cora,feature_similar_cross_class,3,pos_grad,0.5059971341965375
Cora,feature_similar_cross_class,3,neg_grad,0.49090263892336555
Cora,feature_similar_cross_class,3,hybrid,0.4772636364441536
Cora,feature_similar_cross_class,3,shuffled_hybrid,0.4740138148387435
Cora,feature_similar_cross_class,4,feature_risk,0.6130533374091001
Cora,feature_similar_cross_class,4,raw_grad,0.5082519915442999
Cora,feature_similar_cross_class,4,pos_grad,0.4961201271227519
Cora,feature_similar_cross_class,4,neg_grad,0.48118801820307044
Cora,feature_similar_cross_class,4,hybrid,0.47597047015980953
Cora,feature_similar_cross_class,4,shuffled_hybrid,0.47031510433061396
Cora,feature_similar_cross_class,5,feature_risk,0.6113908147312639
Cora,feature_similar_cross_class,5,raw_grad,0.5185315833229005
Cora,feature_similar_cross_class,5,pos_grad,0.5084769297076243
Cora,feature_similar_cross_class,5,neg_grad,0.4801236799338941
Cora,feature_similar_cross_class,5,hybrid,0.48332839421889023
Cora,feature_similar_cross_class,5,shuffled_hybrid,0.47532104443359807
Cora,feature_similar_cross_class,6,feature_risk,0.6081828539160754
Cora,feature_similar_cross_class,6,raw_grad,0.5243295421440911
Cora,feature_similar_cross_class,6,pos_grad,0.5155286176998553
Cora,feature_similar_cross_class,6,neg_grad,0.4820393422009189
Cora,feature_similar_cross_class,6,hybrid,0.4730365643679517
Cora,feature_similar_cross_class,6,shuffled_hybrid,0.46605021092572013
Cora,feature_similar_cross_class,7,feature_risk,0.610501564677943
Cora,feature_similar_cross_class,7,raw_grad,0.5125596733194703
Cora,feature_similar_cross_class,7,pos_grad,0.5050707510190814
Cora,feature_similar_cross_class,7,neg_grad,0.4865757023815708
Cora,feature_similar_cross_class,7,hybrid,0.4756199047429143
Cora,feature_similar_cross_class,7,shuffled_hybrid,0.4708616584365381
Cora,feature_similar_cross_class,8,feature_risk,0.6142827998890255
Cora,feature_similar_cross_class,8,raw_grad,0.5168581241769971
Cora,feature_similar_cross_class,8,pos_grad,0.5110855241976312
Cora,feature_similar_cross_class,8,neg_grad,0.4893871975281129
Cora,feature_similar_cross_class,8,hybrid,0.4780513613643637
Cora,feature_similar_cross_class,8,shuffled_hybrid,0.47270449070828097
Cora,feature_similar_cross_class,9,feature_risk,0.614053358474144
Cora,feature_similar_cross_class,9,raw_grad,0.5126049751324764
Cora,feature_similar_cross_class,9,pos_grad,0.5061799123502676
Cora,feature_similar_cross_class,9,neg_grad,0.4891956672077351
Cora,feature_similar_cross_class,9,hybrid,0.47560332798967425
Cora,feature_similar_cross_class,9,shuffled_hybrid,0.47005155190726017
Cora,cross_class_oracle,0,feature_risk,0.8006762417663804
Cora,cross_class_oracle,0,raw_grad,0.532944860811526
Cora,cross_class_oracle,0,pos_grad,0.5243569955215239
Cora,cross_class_oracle,0,neg_grad,0.4812541905673128
Cora,cross_class_oracle,0,hybrid,0.6829739628877015
Cora,cross_class_oracle,0,shuffled_hybrid,0.6744387901292077
Cora,cross_class_oracle,1,feature_risk,0.8090187471708807
Cora,cross_class_oracle,1,raw_grad,0.5161156262649499
Cora,cross_class_oracle,1,pos_grad,0.5014721593130116
Cora,cross_class_oracle,1,neg_grad,0.4781083476938684
Cora,cross_class_oracle,1,hybrid,0.6917400133140652
Cora,cross_class_oracle,1,shuffled_hybrid,0.680937176618663
Cora,cross_class_oracle,2,feature_risk,0.8105022169761752
Cora,cross_class_oracle,2,raw_grad,0.5177020275344061
Cora,cross_class_oracle,2,pos_grad,0.5110927653064474
Cora,cross_class_oracle,2,neg_grad,0.4888312628948589
Cora,cross_class_oracle,2,hybrid,0.6777343324547455
Cora,cross_class_oracle,2,shuffled_hybrid,0.6714986007305261
Cora,cross_class_oracle,3,feature_risk,0.8123544148142794
Cora,cross_class_oracle,3,raw_grad,0.5095586675833153
Cora,cross_class_oracle,3,pos_grad,0.5007540178578909
Cora,cross_class_oracle,3,neg_grad,0.4860628403769972
Cora,cross_class_oracle,3,hybrid,0.7019374693748972
Cora,cross_class_oracle,3,shuffled_hybrid,0.6955571548498553
Cora,cross_class_oracle,4,feature_risk,0.8041884488395914
Cora,cross_class_oracle,4,raw_grad,0.5160167342623178
Cora,cross_class_oracle,4,pos_grad,0.5066046991325271
Cora,cross_class_oracle,4,neg_grad,0.483183033447699
Cora,cross_class_oracle,4,hybrid,0.6796378464152442
Cora,cross_class_oracle,4,shuffled_hybrid,0.6727842266866817
Cora,cross_class_oracle,5,feature_risk,0.8001287600804015
Cora,cross_class_oracle,5,raw_grad,0.5215907273831447
Cora,cross_class_oracle,5,pos_grad,0.5141970914919485
Cora,cross_class_oracle,5,neg_grad,0.4860200819286579
Cora,cross_class_oracle,5,hybrid,0.6716199042641633
Cora,cross_class_oracle,5,shuffled_hybrid,0.665663284370671
Cora,cross_class_oracle,6,feature_risk,0.8108150508301901
Cora,cross_class_oracle,6,raw_grad,0.5231716230161457
Cora,cross_class_oracle,6,pos_grad,0.513841065321504
Cora,cross_class_oracle,6,neg_grad,0.483735826277541
Cora,cross_class_oracle,6,hybrid,0.6922975786928997
Cora,cross_class_oracle,6,shuffled_hybrid,0.6852979399105263
Cora,cross_class_oracle,7,feature_risk,0.8182245603091007
Cora,cross_class_oracle,7,raw_grad,0.5126180809409946
Cora,cross_class_oracle,7,pos_grad,0.505686649214597
Cora,cross_class_oracle,7,neg_grad,0.4899600081339795
Cora,cross_class_oracle,7,hybrid,0.6977266149886884
Cora,cross_class_oracle,7,shuffled_hybrid,0.693008404234361
Cora,cross_class_oracle,8,feature_risk,0.8064424683731107
Cora,cross_class_oracle,8,raw_grad,0.5152707055616742
Cora,cross_class_oracle,8,pos_grad,0.5058932302694147
Cora,cross_class_oracle,8,neg_grad,0.48538756209699635
Cora,cross_class_oracle,8,hybrid,0.6781594034954088
Cora,cross_class_oracle,8,shuffled_hybrid,0.6728748303126939
Cora,cross_class_oracle,9,feature_risk,0.8064884284687366
Cora,cross_class_oracle,9,raw_grad,0.5220744304598618
Cora,cross_class_oracle,9,pos_grad,0.516019412275702
Cora,cross_class_oracle,9,neg_grad,0.4880117608772825
Cora,cross_class_oracle,9,hybrid,0.6858294732039477
Cora,cross_class_oracle,9,shuffled_hybrid,0.6796271343617064
Cora,low_feature_similarity,0,feature_risk,0.9458128078817734
Cora,low_feature_similarity,0,raw_grad,0.4961306596446661
Cora,low_feature_similarity,0,pos_grad,0.48578577819897223
Cora,low_feature_similarity,0,neg_grad,0.489924939623515
Cora,low_feature_similarity,0,hybrid,0.9080795693730541
Cora,low_feature_similarity,0,shuffled_hybrid,0.900392204784781
Cora,low_feature_similarity,1,feature_risk,0.9458128078817734
Cora,low_feature_similarity,1,raw_grad,0.4915480551099847
Cora,low_feature_similarity,1,pos_grad,0.477510986138483
Cora,low_feature_similarity,1,neg_grad,0.48356217431467396
Cora,low_feature_similarity,1,hybrid,0.9080458772717034
Cora,low_feature_similarity,1,shuffled_hybrid,0.9036846352288443
Cora,low_feature_similarity,2,feature_risk,0.9458128078817734
Cora,low_feature_similarity,2,raw_grad,0.491837415204222
Cora,low_feature_similarity,2,pos_grad,0.4773358829616591
Cora,low_feature_similarity,2,neg_grad,0.48351630398485995
Cora,low_feature_similarity,2,hybrid,0.9033572892352599
Cora,low_feature_similarity,2,shuffled_hybrid,0.8996515171499379
Cora,low_feature_similarity,3,feature_risk,0.9458128078817734
Cora,low_feature_similarity,3,raw_grad,0.48929861363286553
Cora,low_feature_similarity,3,pos_grad,0.4763127322391161
Cora,low_feature_similarity,3,neg_grad,0.48659984938493656
Cora,low_feature_similarity,3,hybrid,0.9067497187936338
Cora,low_feature_similarity,3,shuffled_hybrid,0.902402899124532
Cora,low_feature_similarity,4,feature_risk,0.9458128078817734
Cora,low_feature_similarity,4,raw_grad,0.4797723215856615
Cora,low_feature_similarity,4,pos_grad,0.4656751544031807
Cora,low_feature_similarity,4,neg_grad,0.48429039946264985
Cora,low_feature_similarity,4,hybrid,0.8951413237034167
Cora,low_feature_similarity,4,shuffled_hybrid,0.8958295881041868
Cora,low_feature_similarity,5,feature_risk,0.9458128078817734
Cora,low_feature_similarity,5,raw_grad,0.49205390042027153
Cora,low_feature_similarity,5,pos_grad,0.47437195050576453
Cora,low_feature_similarity,5,neg_grad,0.4764226355146586
Cora,low_feature_similarity,5,hybrid,0.9048542239123196
Cora,low_feature_similarity,5,shuffled_hybrid,0.8982396206185606
Cora,low_feature_similarity,6,feature_risk,0.9458128078817734
Cora,low_feature_similarity,6,raw_grad,0.49796684924633805
Cora,low_feature_similarity,6,pos_grad,0.48374920138349464
Cora,low_feature_similarity,6,neg_grad,0.48146496069334643
Cora,low_feature_similarity,6,hybrid,0.9086606533945721
Cora,low_feature_similarity,6,shuffled_hybrid,0.9025949979617176
Cora,low_feature_similarity,7,feature_risk,0.9458128078817734
Cora,low_feature_similarity,7,raw_grad,0.49762150520749426
Cora,low_feature_similarity,7,pos_grad,0.48529679390032926
Cora,low_feature_similarity,7,neg_grad,0.48446622076596807
Cora,low_feature_similarity,7,hybrid,0.9134928068859713
Cora,low_feature_similarity,7,shuffled_hybrid,0.9057065203731289
Cora,low_feature_similarity,8,feature_risk,0.9458128078817734
Cora,low_feature_similarity,8,raw_grad,0.4829735050820615
Cora,low_feature_similarity,8,pos_grad,0.47128803108147205
Cora,low_feature_similarity,8,neg_grad,0.4884570741084998
Cora,low_feature_similarity,8,hybrid,0.8994318901304763
Cora,low_feature_similarity,8,shuffled_hybrid,0.8974996511102117
Cora,low_feature_similarity,9,feature_risk,0.9458128078817734
Cora,low_feature_similarity,9,raw_grad,0.4985564610199742
Cora,low_feature_similarity,9,pos_grad,0.48657483464539025
Cora,low_feature_similarity,9,neg_grad,0.4841431835313488
Cora,low_feature_similarity,9,hybrid,0.9030253951072126
Cora,low_feature_similarity,9,shuffled_hybrid,0.8979033578876738
CiteSeer,feature_similar_cross_class,0,feature_risk,0.7585615870655414
CiteSeer,feature_similar_cross_class,0,raw_grad,0.47471093091150207
CiteSeer,feature_similar_cross_class,0,pos_grad,0.4659109709856635
CiteSeer,feature_similar_cross_class,0,neg_grad,0.4916808294224814
CiteSeer,feature_similar_cross_class,0,hybrid,0.6013915712290054
CiteSeer,feature_similar_cross_class,0,shuffled_hybrid,0.6009307183736007
CiteSeer,feature_similar_cross_class,1,feature_risk,0.7527943278162961
CiteSeer,feature_similar_cross_class,1,raw_grad,0.5021390187141505
CiteSeer,feature_similar_cross_class,1,pos_grad,0.4963230548742411
CiteSeer,feature_similar_cross_class,1,neg_grad,0.4935825817416327
CiteSeer,feature_similar_cross_class,1,hybrid,0.6112666331910619
CiteSeer,feature_similar_cross_class,1,shuffled_hybrid,0.609581506659714
CiteSeer,feature_similar_cross_class,2,feature_risk,0.7602281652149843
CiteSeer,feature_similar_cross_class,2,raw_grad,0.4796425875676754
CiteSeer,feature_similar_cross_class,2,pos_grad,0.46741061369796
CiteSeer,feature_similar_cross_class,2,neg_grad,0.48768455841171127
CiteSeer,feature_similar_cross_class,2,hybrid,0.6115591423807593
CiteSeer,feature_similar_cross_class,2,shuffled_hybrid,0.6107871112484469
CiteSeer,feature_similar_cross_class,3,feature_risk,0.7566564147627417
CiteSeer,feature_similar_cross_class,3,raw_grad,0.4821905960910795
CiteSeer,feature_similar_cross_class,3,pos_grad,0.4693788746402982
CiteSeer,feature_similar_cross_class,3,neg_grad,0.48637400056007263
CiteSeer,feature_similar_cross_class,3,hybrid,0.6033337195903102
CiteSeer,feature_similar_cross_class,3,shuffled_hybrid,0.5997202855726581
CiteSeer,feature_similar_cross_class,4,feature_risk,0.7566938736424678
CiteSeer,feature_similar_cross_class,4,raw_grad,0.48257633001152334
CiteSeer,feature_similar_cross_class,4,pos_grad,0.46812720086006554
CiteSeer,feature_similar_cross_class,4,neg_grad,0.4843659068670053
CiteSeer,feature_similar_cross_class,4,hybrid,0.6053240696035072
CiteSeer,feature_similar_cross_class,4,shuffled_hybrid,0.6009118078757797
CiteSeer,feature_similar_cross_class,5,feature_risk,0.7577443316788659
CiteSeer,feature_similar_cross_class,5,raw_grad,0.4762181579404778
CiteSeer,feature_similar_cross_class,5,pos_grad,0.4675849322762768
CiteSeer,feature_similar_cross_class,5,neg_grad,0.4914144529313686
CiteSeer,feature_similar_cross_class,5,hybrid,0.6003787732478417
CiteSeer,feature_similar_cross_class,5,shuffled_hybrid,0.6002696556519052
CiteSeer,feature_similar_cross_class,6,feature_risk,0.7569316630937897
CiteSeer,feature_similar_cross_class,6,raw_grad,0.4811069642132911
CiteSeer,feature_similar_cross_class,6,pos_grad,0.47877411289647664
CiteSeer,feature_similar_cross_class,6,neg_grad,0.4985489612906133
CiteSeer,feature_similar_cross_class,6,hybrid,0.5942652909480678
CiteSeer,feature_similar_cross_class,6,shuffled_hybrid,0.5957550358253346
CiteSeer,feature_similar_cross_class,7,feature_risk,0.755887763378976
CiteSeer,feature_similar_cross_class,7,raw_grad,0.493560472553223
CiteSeer,feature_similar_cross_class,7,pos_grad,0.48470428407269356
CiteSeer,feature_similar_cross_class,7,neg_grad,0.490586897358646
CiteSeer,feature_similar_cross_class,7,hybrid,0.6084903307003483
CiteSeer,feature_similar_cross_class,7,shuffled_hybrid,0.6064500086907819
CiteSeer,feature_similar_cross_class,8,feature_risk,0.7581543676007647
CiteSeer,feature_similar_cross_class,8,raw_grad,0.46873893534701977
CiteSeer,feature_similar_cross_class,8,pos_grad,0.4570930662044458
CiteSeer,feature_similar_cross_class,8,neg_grad,0.48967223279064226
CiteSeer,feature_similar_cross_class,8,hybrid,0.6086664799757945
CiteSeer,feature_similar_cross_class,8,shuffled_hybrid,0.6081406071959674
CiteSeer,feature_similar_cross_class,9,feature_risk,0.7614062087590208
CiteSeer,feature_similar_cross_class,9,raw_grad,0.48015379465291597
CiteSeer,feature_similar_cross_class,9,pos_grad,0.4672926846147408
CiteSeer,feature_similar_cross_class,9,neg_grad,0.4866636128224441
CiteSeer,feature_similar_cross_class,9,hybrid,0.6129639107231373
CiteSeer,feature_similar_cross_class,9,shuffled_hybrid,0.6087116237599541
CiteSeer,cross_class_oracle,0,feature_risk,0.9001906741471768
CiteSeer,cross_class_oracle,0,raw_grad,0.47193460830323747
CiteSeer,cross_class_oracle,0,pos_grad,0.4627901152011434
CiteSeer,cross_class_oracle,0,neg_grad,0.49172025982219303
CiteSeer,cross_class_oracle,0,hybrid,0.7499161500479602
CiteSeer,cross_class_oracle,0,shuffled_hybrid,0.749861269369178
CiteSeer,cross_class_oracle,1,feature_risk,0.8992939946696538
CiteSeer,cross_class_oracle,1,raw_grad,0.5065553643047054
CiteSeer,cross_class_oracle,1,pos_grad,0.499396171710539
CiteSeer,cross_class_oracle,1,neg_grad,0.4915223433567019
CiteSeer,cross_class_oracle,1,hybrid,0.7548857484050807
CiteSeer,cross_class_oracle,1,shuffled_hybrid,0.7498426002819675
CiteSeer,cross_class_oracle,2,feature_risk,0.8933138514970678
CiteSeer,cross_class_oracle,2,raw_grad,0.4732880567733378
CiteSeer,cross_class_oracle,2,pos_grad,0.4677263586589157
CiteSeer,cross_class_oracle,2,neg_grad,0.49606088295126083
CiteSeer,cross_class_oracle,2,hybrid,0.738596084641779
CiteSeer,cross_class_oracle,2,shuffled_hybrid,0.7405348532545368
CiteSeer,cross_class_oracle,3,feature_risk,0.9027115239769018
CiteSeer,cross_class_oracle,3,raw_grad,0.477270849025023
CiteSeer,cross_class_oracle,3,pos_grad,0.46888042208231134
CiteSeer,cross_class_oracle,3,neg_grad,0.49306761267437893
CiteSeer,cross_class_oracle,3,hybrid,0.7582181000019312
CiteSeer,cross_class_oracle,3,shuffled_hybrid,0.7580699543573006
CiteSeer,cross_class_oracle,4,feature_risk,0.895172270611638
CiteSeer,cross_class_oracle,4,raw_grad,0.4698458432311684
CiteSeer,cross_class_oracle,4,pos_grad,0.4571220354777033
CiteSeer,cross_class_oracle,4,neg_grad,0.4882712666653791
CiteSeer,cross_class_oracle,4,hybrid,0.747766629972254
CiteSeer,cross_class_oracle,4,shuffled_hybrid,0.7454679181392714
CiteSeer,cross_class_oracle,5,feature_risk,0.9013481575542208
CiteSeer,cross_class_oracle,5,raw_grad,0.4717631665346956
CiteSeer,cross_class_oracle,5,pos_grad,0.46459059576919864
CiteSeer,cross_class_oracle,5,neg_grad,0.49396656543515066
CiteSeer,cross_class_oracle,5,hybrid,0.7496895459549239
CiteSeer,cross_class_oracle,5,shuffled_hybrid,0.7497784655297836
CiteSeer,cross_class_oracle,6,feature_risk,0.901926859022641
CiteSeer,cross_class_oracle,6,raw_grad,0.48402119263279186
CiteSeer,cross_class_oracle,6,pos_grad,0.47376186533150505
CiteSeer,cross_class_oracle,6,neg_grad,0.48998998950668543
CiteSeer,cross_class_oracle,6,hybrid,0.7569656617547655
CiteSeer,cross_class_oracle,6,shuffled_hybrid,0.7572556763681545
CiteSeer,cross_class_oracle,7,feature_risk,0.8987818018244205
CiteSeer,cross_class_oracle,7,raw_grad,0.49076365016061857
CiteSeer,cross_class_oracle,7,pos_grad,0.4822703621802919
CiteSeer,cross_class_oracle,7,neg_grad,0.49127119585160006
CiteSeer,cross_class_oracle,7,hybrid,0.7500773318655569
CiteSeer,cross_class_oracle,7,shuffled_hybrid,0.7526704037029169
CiteSeer,cross_class_oracle,8,feature_risk,0.9009483413481657
CiteSeer,cross_class_oracle,8,raw_grad,0.46343743763559225
CiteSeer,cross_class_oracle,8,pos_grad,0.44746756246097197
CiteSeer,cross_class_oracle,8,neg_grad,0.48521641656527414
CiteSeer,cross_class_oracle,8,hybrid,0.7587050252032678
CiteSeer,cross_class_oracle,8,shuffled_hybrid,0.7555866438775051
CiteSeer,cross_class_oracle,9,feature_risk,0.9027516786084449
CiteSeer,cross_class_oracle,9,raw_grad,0.4967527858784449
CiteSeer,cross_class_oracle,9,pos_grad,0.48084330359154615
CiteSeer,cross_class_oracle,9,neg_grad,0.4825852622041111
CiteSeer,cross_class_oracle,9,hybrid,0.775295084236209
CiteSeer,cross_class_oracle,9,shuffled_hybrid,0.7674106136979598
CiteSeer,low_feature_similarity,0,feature_risk,0.9871485061511424
CiteSeer,low_feature_similarity,0,raw_grad,0.4712849321153363
CiteSeer,low_feature_similarity,0,pos_grad,0.45678744037157926
CiteSeer,low_feature_similarity,0,neg_grad,0.48558887290214175
CiteSeer,low_feature_similarity,0,hybrid,0.892219979785885
CiteSeer,low_feature_similarity,0,shuffled_hybrid,0.8879569902856371
CiteSeer,low_feature_similarity,1,feature_risk,0.9871485061511424
CiteSeer,low_feature_similarity,1,raw_grad,0.5017958937664561
CiteSeer,low_feature_similarity,1,pos_grad,0.4932282312005511
CiteSeer,low_feature_similarity,1,neg_grad,0.49039463392495025
CiteSeer,low_feature_similarity,1,hybrid,0.899800755776151
CiteSeer,low_feature_similarity,1,shuffled_hybrid,0.8958742121967077
CiteSeer,low_feature_similarity,2,feature_risk,0.9871485061511424
CiteSeer,low_feature_similarity,2,raw_grad,0.47647499871247667
CiteSeer,low_feature_similarity,2,pos_grad,0.46591292238809817
CiteSeer,low_feature_similarity,2,neg_grad,0.4891718489477716
CiteSeer,low_feature_similarity,2,hybrid,0.883500067594971
CiteSeer,low_feature_similarity,2,shuffled_hybrid,0.882918428964123
CiteSeer,low_feature_similarity,3,feature_risk,0.9871485061511424
CiteSeer,low_feature_similarity,3,raw_grad,0.4773635909345487
CiteSeer,low_feature_similarity,3,pos_grad,0.46973964268010837
CiteSeer,low_feature_similarity,3,neg_grad,0.4923217343582019
CiteSeer,low_feature_similarity,3,hybrid,0.8803787893418825
CiteSeer,low_feature_similarity,3,shuffled_hybrid,0.8797790449152487
CiteSeer,low_feature_similarity,4,feature_risk,0.9871485061511424
CiteSeer,low_feature_similarity,4,raw_grad,0.47436710184952713
CiteSeer,low_feature_similarity,4,pos_grad,0.46461173931516636
CiteSeer,low_feature_similarity,4,neg_grad,0.4907195122540027
CiteSeer,low_feature_similarity,4,hybrid,0.8895931909332613
CiteSeer,low_feature_similarity,4,shuffled_hybrid,0.8864832589788654
CiteSeer,low_feature_similarity,5,feature_risk,0.9871485061511424
CiteSeer,low_feature_similarity,5,raw_grad,0.476827518556429
CiteSeer,low_feature_similarity,5,pos_grad,0.46395439834038255
CiteSeer,low_feature_similarity,5,neg_grad,0.48695922011497583
CiteSeer,low_feature_similarity,5,hybrid,0.8880691657493064
CiteSeer,low_feature_similarity,5,shuffled_hybrid,0.892500740325872
CiteSeer,low_feature_similarity,6,feature_risk,0.9871485061511424
CiteSeer,low_feature_similarity,6,raw_grad,0.47889272597642546
CiteSeer,low_feature_similarity,6,pos_grad,0.4742440226732845
CiteSeer,low_feature_similarity,6,neg_grad,0.4963061963666094
CiteSeer,low_feature_similarity,6,hybrid,0.8841386791298916
CiteSeer,low_feature_similarity,6,shuffled_hybrid,0.8888030540051631
CiteSeer,low_feature_similarity,7,feature_risk,0.9871485061511424
CiteSeer,low_feature_similarity,7,raw_grad,0.4856189486406973
CiteSeer,low_feature_similarity,7,pos_grad,0.47579178656726984
CiteSeer,low_feature_similarity,7,neg_grad,0.4905036509331325
CiteSeer,low_feature_similarity,7,hybrid,0.8961934374939647
CiteSeer,low_feature_similarity,7,shuffled_hybrid,0.8964459529925257
CiteSeer,low_feature_similarity,8,feature_risk,0.9871485061511424
CiteSeer,low_feature_similarity,8,raw_grad,0.46667231969846207
CiteSeer,low_feature_similarity,8,pos_grad,0.4523535321591121
CiteSeer,low_feature_similarity,8,neg_grad,0.48622006106079046
CiteSeer,low_feature_similarity,8,hybrid,0.8892710687086784
CiteSeer,low_feature_similarity,8,shuffled_hybrid,0.8919747870758414
CiteSeer,low_feature_similarity,9,feature_risk,0.9871485061511424
CiteSeer,low_feature_similarity,9,raw_grad,0.49622630957209163
CiteSeer,low_feature_similarity,9,pos_grad,0.477998480722558
CiteSeer,low_feature_similarity,9,neg_grad,0.4791562256577635
CiteSeer,low_feature_similarity,9,hybrid,0.9107446229810027
CiteSeer,low_feature_similarity,9,shuffled_hybrid,0.8986117280493379
PubMed,feature_similar_cross_class,0,feature_risk,0.7733831249807381
PubMed,feature_similar_cross_class,0,raw_grad,0.48396143681078346
PubMed,feature_similar_cross_class,0,pos_grad,0.47179786851701805
PubMed,feature_similar_cross_class,0,neg_grad,0.48779684154482056
PubMed,feature_similar_cross_class,0,hybrid,0.6137211009128112
PubMed,feature_similar_cross_class,0,shuffled_hybrid,0.6131828377713259
PubMed,feature_similar_cross_class,1,feature_risk,0.7743381516229052
PubMed,feature_similar_cross_class,1,raw_grad,0.4841308576666924
PubMed,feature_similar_cross_class,1,pos_grad,0.47006495823581135
PubMed,feature_similar_cross_class,1,neg_grad,0.48597227609933386
PubMed,feature_similar_cross_class,1,hybrid,0.6218779526343571
PubMed,feature_similar_cross_class,1,shuffled_hybrid,0.6199213289274369
PubMed,feature_similar_cross_class,2,feature_risk,0.7732676868331378
PubMed,feature_similar_cross_class,2,raw_grad,0.5036396882807429
PubMed,feature_similar_cross_class,2,pos_grad,0.4974827520104867
PubMed,feature_similar_cross_class,2,neg_grad,0.49364487771637783
PubMed,feature_similar_cross_class,2,hybrid,0.6145656454946126
PubMed,feature_similar_cross_class,2,shuffled_hybrid,0.6122206043573241
PubMed,feature_similar_cross_class,3,feature_risk,0.7735447653650531
PubMed,feature_similar_cross_class,3,raw_grad,0.4798817163609795
PubMed,feature_similar_cross_class,3,pos_grad,0.460127030267668
PubMed,feature_similar_cross_class,3,neg_grad,0.47992677777292375
PubMed,feature_similar_cross_class,3,hybrid,0.6200917090602439
PubMed,feature_similar_cross_class,3,shuffled_hybrid,0.6181662734113531
PubMed,feature_similar_cross_class,4,feature_risk,0.7747279026666137
PubMed,feature_similar_cross_class,4,raw_grad,0.48645749693352075
PubMed,feature_similar_cross_class,4,pos_grad,0.47810553236293746
PubMed,feature_similar_cross_class,4,neg_grad,0.491590093238372
PubMed,feature_similar_cross_class,4,hybrid,0.6134203855266454
PubMed,feature_similar_cross_class,4,shuffled_hybrid,0.6124617067181746
PubMed,feature_similar_cross_class,5,feature_risk,0.770578548851821
PubMed,feature_similar_cross_class,5,raw_grad,0.4893406463875905
PubMed,feature_similar_cross_class,5,pos_grad,0.4852367906752425
PubMed,feature_similar_cross_class,5,neg_grad,0.4959588928313546
PubMed,feature_similar_cross_class,5,hybrid,0.6064288734767226
PubMed,feature_similar_cross_class,5,shuffled_hybrid,0.6062682629948217
PubMed,feature_similar_cross_class,6,feature_risk,0.7743790915163956
PubMed,feature_similar_cross_class,6,raw_grad,0.48694103102678926
PubMed,feature_similar_cross_class,6,pos_grad,0.47320170588895893
PubMed,feature_similar_cross_class,6,neg_grad,0.48591847409054306
PubMed,feature_similar_cross_class,6,hybrid,0.6165995534519589
PubMed,feature_similar_cross_class,6,shuffled_hybrid,0.6152771460270027
PubMed,feature_similar_cross_class,7,feature_risk,0.7719536357004206
PubMed,feature_similar_cross_class,7,raw_grad,0.4954839775960559
PubMed,feature_similar_cross_class,7,pos_grad,0.4792024827815078
PubMed,feature_similar_cross_class,7,neg_grad,0.4831995175075165
PubMed,feature_similar_cross_class,7,hybrid,0.6201420096977511
PubMed,feature_similar_cross_class,7,shuffled_hybrid,0.6185582607176345
PubMed,feature_similar_cross_class,8,feature_risk,0.7759510916344593
PubMed,feature_similar_cross_class,8,raw_grad,0.48067681332576584
PubMed,feature_similar_cross_class,8,pos_grad,0.47056511901766085
PubMed,feature_similar_cross_class,8,neg_grad,0.48976079927675675
PubMed,feature_similar_cross_class,8,hybrid,0.6137522694586861
PubMed,feature_similar_cross_class,8,shuffled_hybrid,0.6128716384197295
PubMed,feature_similar_cross_class,9,feature_risk,0.7731816407770014
PubMed,feature_similar_cross_class,9,raw_grad,0.4886173694216252
PubMed,feature_similar_cross_class,9,pos_grad,0.48285190402182293
PubMed,feature_similar_cross_class,9,neg_grad,0.4943368771229096
PubMed,feature_similar_cross_class,9,hybrid,0.613108961361095
PubMed,feature_similar_cross_class,9,shuffled_hybrid,0.611976837314857
PubMed,cross_class_oracle,0,feature_risk,0.9142127607155544
PubMed,cross_class_oracle,0,raw_grad,0.48895737465169714
PubMed,cross_class_oracle,0,pos_grad,0.475637411524511
PubMed,cross_class_oracle,0,neg_grad,0.4865975433013222
PubMed,cross_class_oracle,0,hybrid,0.7655253004198194
PubMed,cross_class_oracle,0,shuffled_hybrid,0.7661339583244948
PubMed,cross_class_oracle,1,feature_risk,0.9144085371899322
PubMed,cross_class_oracle,1,raw_grad,0.481618422392496
PubMed,cross_class_oracle,1,pos_grad,0.46775704024492826
PubMed,cross_class_oracle,1,neg_grad,0.48619696470859364
PubMed,cross_class_oracle,1,hybrid,0.7677816019753005
PubMed,cross_class_oracle,1,shuffled_hybrid,0.7668115899985026
PubMed,cross_class_oracle,2,feature_risk,0.9149058765566636
PubMed,cross_class_oracle,2,raw_grad,0.5004880278272777
PubMed,cross_class_oracle,2,pos_grad,0.4933550365387319
PubMed,cross_class_oracle,2,neg_grad,0.49269070303425944
PubMed,cross_class_oracle,2,hybrid,0.765995774094913
PubMed,cross_class_oracle,2,shuffled_hybrid,0.7636568224465272
PubMed,cross_class_oracle,3,feature_risk,0.9141502556496052
PubMed,cross_class_oracle,3,raw_grad,0.48390437924143764
PubMed,cross_class_oracle,3,pos_grad,0.4647619934630279
PubMed,cross_class_oracle,3,neg_grad,0.4806863445890458
PubMed,cross_class_oracle,3,hybrid,0.7707113468784155
PubMed,cross_class_oracle,3,shuffled_hybrid,0.7690808484729045
PubMed,cross_class_oracle,4,feature_risk,0.9125845138429981
PubMed,cross_class_oracle,4,raw_grad,0.48562147386100535
PubMed,cross_class_oracle,4,pos_grad,0.47635424375310903
PubMed,cross_class_oracle,4,neg_grad,0.4907278630094324
PubMed,cross_class_oracle,4,hybrid,0.7615772467158278
PubMed,cross_class_oracle,4,shuffled_hybrid,0.7603066830852906
PubMed,cross_class_oracle,5,feature_risk,0.9156497715072418
PubMed,cross_class_oracle,5,raw_grad,0.4938699595379677
PubMed,cross_class_oracle,5,pos_grad,0.48426976024048257
PubMed,cross_class_oracle,5,neg_grad,0.4901924291303449
PubMed,cross_class_oracle,5,hybrid,0.7649897800085685
PubMed,cross_class_oracle,5,shuffled_hybrid,0.7635681846672648
PubMed,cross_class_oracle,6,feature_risk,0.9141006566013042
PubMed,cross_class_oracle,6,raw_grad,0.4934230196420477
PubMed,cross_class_oracle,6,pos_grad,0.47653033055483196
PubMed,cross_class_oracle,6,neg_grad,0.48267278286799176
PubMed,cross_class_oracle,6,hybrid,0.7710022451058206
PubMed,cross_class_oracle,6,shuffled_hybrid,0.7689916431444535
PubMed,cross_class_oracle,7,feature_risk,0.9141815438134706
PubMed,cross_class_oracle,7,raw_grad,0.4885334686420369
PubMed,cross_class_oracle,7,pos_grad,0.47889461428193203
PubMed,cross_class_oracle,7,neg_grad,0.49026341859006906
PubMed,cross_class_oracle,7,hybrid,0.7633972861898325
PubMed,cross_class_oracle,7,shuffled_hybrid,0.7636025082436816
PubMed,cross_class_oracle,8,feature_risk,0.9147583061324286
PubMed,cross_class_oracle,8,raw_grad,0.48545935521681743
PubMed,cross_class_oracle,8,pos_grad,0.47279072668163336
PubMed,cross_class_oracle,8,neg_grad,0.4870656275858483
PubMed,cross_class_oracle,8,hybrid,0.7651081780651663
PubMed,cross_class_oracle,8,shuffled_hybrid,0.7634082791679885
PubMed,cross_class_oracle,9,feature_risk,0.9116126397279803
PubMed,cross_class_oracle,9,raw_grad,0.49117818868832963
PubMed,cross_class_oracle,9,pos_grad,0.4836631735934215
PubMed,cross_class_oracle,9,neg_grad,0.4923167362630717
PubMed,cross_class_oracle,9,hybrid,0.7592357864830612
PubMed,cross_class_oracle,9,shuffled_hybrid,0.7578143989886201
PubMed,low_feature_similarity,0,feature_risk,0.9984948502198498
PubMed,low_feature_similarity,0,raw_grad,0.4933238378762707
PubMed,low_feature_similarity,0,pos_grad,0.4873037976092242
PubMed,low_feature_similarity,0,neg_grad,0.4939466520611008
PubMed,low_feature_similarity,0,hybrid,0.8813342849993604
PubMed,low_feature_similarity,0,shuffled_hybrid,0.881764679860824
PubMed,low_feature_similarity,1,feature_risk,0.9984983182932177
PubMed,low_feature_similarity,1,raw_grad,0.4770585875665823
PubMed,low_feature_similarity,1,pos_grad,0.46567723991236365
PubMed,low_feature_similarity,1,neg_grad,0.4890239096138096
PubMed,low_feature_similarity,1,hybrid,0.8826585197800004
PubMed,low_feature_similarity,1,shuffled_hybrid,0.8820150106223829
PubMed,low_feature_similarity,2,feature_risk,0.9984670615184703
PubMed,low_feature_similarity,2,raw_grad,0.49938578431263103
PubMed,low_feature_similarity,2,pos_grad,0.4945373507242984
PubMed,low_feature_similarity,2,neg_grad,0.4950635640499569
PubMed,low_feature_similarity,2,hybrid,0.8829374655402625
PubMed,low_feature_similarity,2,shuffled_hybrid,0.880162260293946
PubMed,low_feature_similarity,3,feature_risk,0.9984898788622334
PubMed,low_feature_similarity,3,raw_grad,0.47620236114273684
PubMed,low_feature_similarity,3,pos_grad,0.4676248727578473
PubMed,low_feature_similarity,3,neg_grad,0.49222165756403735
PubMed,low_feature_similarity,3,hybrid,0.8823175050080234
PubMed,low_feature_similarity,3,shuffled_hybrid,0.8832664905174968
PubMed,low_feature_similarity,4,feature_risk,0.9984725037128575
PubMed,low_feature_similarity,4,raw_grad,0.4837588109339218
PubMed,low_feature_similarity,4,pos_grad,0.47358292821236764
PubMed,low_feature_similarity,4,neg_grad,0.4897907724910819
PubMed,low_feature_similarity,4,hybrid,0.8792581340759471
PubMed,low_feature_similarity,4,shuffled_hybrid,0.8787382547773881
PubMed,low_feature_similarity,5,feature_risk,0.9984864311493744
PubMed,low_feature_similarity,5,raw_grad,0.4881108678258398
PubMed,low_feature_similarity,5,pos_grad,0.4838601350070061
PubMed,low_feature_similarity,5,neg_grad,0.4958649492306975
PubMed,low_feature_similarity,5,hybrid,0.8769262246186149
PubMed,low_feature_similarity,5,shuffled_hybrid,0.8777520332903552
PubMed,low_feature_similarity,6,feature_risk,0.998488175366313
PubMed,low_feature_similarity,6,raw_grad,0.48747020086802684
PubMed,low_feature_similarity,6,pos_grad,0.47976430769786654
PubMed,low_feature_similarity,6,neg_grad,0.49245469589078844
PubMed,low_feature_similarity,6,hybrid,0.8841080819771373
PubMed,low_feature_similarity,6,shuffled_hybrid,0.882315327281914
PubMed,low_feature_similarity,7,feature_risk,0.9984690585450623
PubMed,low_feature_similarity,7,raw_grad,0.4849466597845205
PubMed,low_feature_similarity,7,pos_grad,0.47676908212524655
PubMed,low_feature_similarity,7,neg_grad,0.4921357567886161
PubMed,low_feature_similarity,7,hybrid,0.8843068760486213
PubMed,low_feature_similarity,7,shuffled_hybrid,0.8838390254857718
PubMed,low_feature_similarity,8,feature_risk,0.9984903344286225
PubMed,low_feature_similarity,8,raw_grad,0.479611777156713
PubMed,low_feature_similarity,8,pos_grad,0.4714557481269842
PubMed,low_feature_similarity,8,neg_grad,0.49206522628869925
PubMed,low_feature_similarity,8,hybrid,0.8783013920608961
PubMed,low_feature_similarity,8,shuffled_hybrid,0.8789755386944449
PubMed,low_feature_similarity,9,feature_risk,0.9984970627284954
PubMed,low_feature_similarity,9,raw_grad,0.49057839736115033
PubMed,low_feature_similarity,9,pos_grad,0.48141785419957595
PubMed,low_feature_similarity,9,neg_grad,0.49110320814466246
PubMed,low_feature_similarity,9,hybrid,0.8901900052541651
PubMed,low_feature_similarity,9,shuffled_hybrid,0.8883137716236496
